{"cameraMode":{"drawMode":0,"name":"Shaded","section":"Shading Mode"},"sceneLighting":true,"audioPlay":false,"sceneViewState":{"showFog":true,"showMaterialUpdate":false,"showSkybox":true,"showFlares":true,"showImageEffects":true,"showParticleSystems":true},"in2DMode":false,"pivot":{"x":-3.2631635665893556,"y":-2.3823161125183107,"z":-8.019163131713868},"rotation":{"x":-0.22207459807395936,"y":0.6273571252822876,"z":-0.19324630498886109,"w":-0.7209453582763672},"size":18.03801727294922,"orthographic":false}